element_symbol,rows_present,atomic_weight_g_per_mol,indicative_price_usd_per_kg,price_status,crust_abundance_mg_per_kg,abundance_status,criticality_status_2025,critical_commodity_note,price_abundance_source,criticality_source,notes
Ac,1,227,,UNAVAILABLE_NOT_COMPARABLE,,UNAVAILABLE_NOT_COMPARABLE,NOT_LISTED_AS_ELEMENT_COMMODITY,,https://en.wikipedia.org/wiki/Prices_of_chemical_elements,https://www.usgs.gov/programs/mineral-resources-program/science/about-2025-list-critical-minerals,No comparable bulk elemental market/abundance value used; isotope pricing is not suitable for normal raw-material cost estimation.
Ag,64,107.8682,521,HISTORICAL_INDICATIVE,0.075,AVAILABLE,USGS_2025_CRITICAL,,https://en.wikipedia.org/wiki/Prices_of_chemical_elements,https://www.usgs.gov/programs/mineral-resources-program/science/about-2025-list-critical-minerals,
Al,160,26.9815385,1.79,HISTORICAL_INDICATIVE,82300,AVAILABLE,USGS_2025_CRITICAL,,https://en.wikipedia.org/wiki/Prices_of_chemical_elements,https://www.usgs.gov/programs/mineral-resources-program/science/about-2025-list-critical-minerals,
As,52,74.921595,1.1545,HISTORICAL_INDICATIVE,1.8,AVAILABLE,USGS_2025_CRITICAL,,https://en.wikipedia.org/wiki/Prices_of_chemical_elements,https://www.usgs.gov/programs/mineral-resources-program/science/about-2025-list-critical-minerals,
Au,8,196.96657,75430,HISTORICAL_INDICATIVE,0.004,AVAILABLE,NOT_LISTED_AS_ELEMENT_COMMODITY,,https://en.wikipedia.org/wiki/Prices_of_chemical_elements,https://www.usgs.gov/programs/mineral-resources-program/science/about-2025-list-critical-minerals,
B,110,10.81,3.68,HISTORICAL_INDICATIVE,10,AVAILABLE,USGS_2025_CRITICAL,,https://en.wikipedia.org/wiki/Prices_of_chemical_elements,https://www.usgs.gov/programs/mineral-resources-program/science/about-2025-list-critical-minerals,
Ba,215,137.327,0.2605,HISTORICAL_INDICATIVE,425,AVAILABLE,USGS_2025_COMMODITY_LINKED,barite,https://en.wikipedia.org/wiki/Prices_of_chemical_elements,https://www.usgs.gov/programs/mineral-resources-program/science/about-2025-list-critical-minerals,
Be,5,9.0121831,857,HISTORICAL_INDICATIVE,2.8,AVAILABLE,USGS_2025_CRITICAL,,https://en.wikipedia.org/wiki/Prices_of_chemical_elements,https://www.usgs.gov/programs/mineral-resources-program/science/about-2025-list-critical-minerals,
Bi,201,208.9804,6.36,HISTORICAL_INDICATIVE,0.009,AVAILABLE,USGS_2025_CRITICAL,,https://en.wikipedia.org/wiki/Prices_of_chemical_elements,https://www.usgs.gov/programs/mineral-resources-program/science/about-2025-list-critical-minerals,
Br,13,79.904,4.39,HISTORICAL_INDICATIVE,2.4,AVAILABLE,NOT_LISTED_AS_ELEMENT_COMMODITY,,https://en.wikipedia.org/wiki/Prices_of_chemical_elements,https://www.usgs.gov/programs/mineral-resources-program/science/about-2025-list-critical-minerals,
C,174,12.011,0.122,HISTORICAL_INDICATIVE,200,AVAILABLE,USGS_2025_COMMODITY_LINKED,graphite,https://en.wikipedia.org/wiki/Prices_of_chemical_elements,https://www.usgs.gov/programs/mineral-resources-program/science/about-2025-list-critical-minerals,
Ca,655,40.078,2.28,HISTORICAL_INDICATIVE,41500,AVAILABLE,NOT_LISTED_AS_ELEMENT_COMMODITY,,https://en.wikipedia.org/wiki/Prices_of_chemical_elements,https://www.usgs.gov/programs/mineral-resources-program/science/about-2025-list-critical-minerals,
Cd,28,112.414,2.73,HISTORICAL_INDICATIVE,0.159,AVAILABLE,NOT_LISTED_AS_ELEMENT_COMMODITY,,https://en.wikipedia.org/wiki/Prices_of_chemical_elements,https://www.usgs.gov/programs/mineral-resources-program/science/about-2025-list-critical-minerals,
Ce,10,140.116,4.64,HISTORICAL_INDICATIVE,66.5,AVAILABLE,USGS_2025_CRITICAL,,https://en.wikipedia.org/wiki/Prices_of_chemical_elements,https://www.usgs.gov/programs/mineral-resources-program/science/about-2025-list-critical-minerals,
Cl,69,35.45,0.082,HISTORICAL_INDICATIVE,145,AVAILABLE,NOT_LISTED_AS_ELEMENT_COMMODITY,,https://en.wikipedia.org/wiki/Prices_of_chemical_elements,https://www.usgs.gov/programs/mineral-resources-program/science/about-2025-list-critical-minerals,
Co,728,58.933194,32.8,HISTORICAL_INDICATIVE,25,AVAILABLE,USGS_2025_CRITICAL,,https://en.wikipedia.org/wiki/Prices_of_chemical_elements,https://www.usgs.gov/programs/mineral-resources-program/science/about-2025-list-critical-minerals,
Cr,731,51.9961,9.4,HISTORICAL_INDICATIVE,102,AVAILABLE,USGS_2025_CRITICAL,,https://en.wikipedia.org/wiki/Prices_of_chemical_elements,https://www.usgs.gov/programs/mineral-resources-program/science/about-2025-list-critical-minerals,
Cs,24,132.905452,61800,HISTORICAL_INDICATIVE,3,AVAILABLE,USGS_2025_CRITICAL,,https://en.wikipedia.org/wiki/Prices_of_chemical_elements,https://www.usgs.gov/programs/mineral-resources-program/science/about-2025-list-critical-minerals,
Cu,490,63.546,6.0,HISTORICAL_INDICATIVE,60,AVAILABLE,USGS_2025_CRITICAL,,https://en.wikipedia.org/wiki/Prices_of_chemical_elements,https://www.usgs.gov/programs/mineral-resources-program/science/about-2025-list-critical-minerals,
Dy,9,162.5,307,HISTORICAL_INDICATIVE,5.2,AVAILABLE,USGS_2025_CRITICAL,,https://en.wikipedia.org/wiki/Prices_of_chemical_elements,https://www.usgs.gov/programs/mineral-resources-program/science/about-2025-list-critical-minerals,
Er,9,167.259,26.4,HISTORICAL_INDICATIVE,3.5,AVAILABLE,USGS_2025_CRITICAL,,https://en.wikipedia.org/wiki/Prices_of_chemical_elements,https://www.usgs.gov/programs/mineral-resources-program/science/about-2025-list-critical-minerals,
Eu,10,151.964,31.4,HISTORICAL_INDICATIVE,2,AVAILABLE,USGS_2025_CRITICAL,,https://en.wikipedia.org/wiki/Prices_of_chemical_elements,https://www.usgs.gov/programs/mineral-resources-program/science/about-2025-list-critical-minerals,
F,765,18.998403,2.0,HISTORICAL_INDICATIVE,585,AVAILABLE,USGS_2025_COMMODITY_LINKED,fluorspar,https://en.wikipedia.org/wiki/Prices_of_chemical_elements,https://www.usgs.gov/programs/mineral-resources-program/science/about-2025-list-critical-minerals,
Fe,1018,55.845,0.424,HISTORICAL_INDICATIVE,56300,AVAILABLE,NOT_LISTED_AS_ELEMENT_COMMODITY,,https://en.wikipedia.org/wiki/Prices_of_chemical_elements,https://www.usgs.gov/programs/mineral-resources-program/science/about-2025-list-critical-minerals,
Ga,31,69.723,148,HISTORICAL_INDICATIVE,19,AVAILABLE,USGS_2025_CRITICAL,,https://en.wikipedia.org/wiki/Prices_of_chemical_elements,https://www.usgs.gov/programs/mineral-resources-program/science/about-2025-list-critical-minerals,
Gd,9,157.25,28.6,HISTORICAL_INDICATIVE,6.2,AVAILABLE,USGS_2025_CRITICAL,,https://en.wikipedia.org/wiki/Prices_of_chemical_elements,https://www.usgs.gov/programs/mineral-resources-program/science/about-2025-list-critical-minerals,
Ge,68,72.63,962,HISTORICAL_INDICATIVE,1.5,AVAILABLE,USGS_2025_CRITICAL,,https://en.wikipedia.org/wiki/Prices_of_chemical_elements,https://www.usgs.gov/programs/mineral-resources-program/science/about-2025-list-critical-minerals,
H,97,1.008,1.39,HISTORICAL_INDICATIVE,1400,AVAILABLE,NOT_LISTED_AS_ELEMENT_COMMODITY,,https://en.wikipedia.org/wiki/Prices_of_chemical_elements,https://www.usgs.gov/programs/mineral-resources-program/science/about-2025-list-critical-minerals,
Hf,2,178.49,900,HISTORICAL_INDICATIVE,3,AVAILABLE,USGS_2025_CRITICAL,,https://en.wikipedia.org/wiki/Prices_of_chemical_elements,https://www.usgs.gov/programs/mineral-resources-program/science/about-2025-list-critical-minerals,
Hg,12,200.592,30.2,HISTORICAL_INDICATIVE,0.085,AVAILABLE,NOT_LISTED_AS_ELEMENT_COMMODITY,,https://en.wikipedia.org/wiki/Prices_of_chemical_elements,https://www.usgs.gov/programs/mineral-resources-program/science/about-2025-list-critical-minerals,
Ho,33,164.93033,57.1,HISTORICAL_INDICATIVE,1.3,AVAILABLE,USGS_2025_CRITICAL,,https://en.wikipedia.org/wiki/Prices_of_chemical_elements,https://www.usgs.gov/programs/mineral-resources-program/science/about-2025-list-critical-minerals,
I,7,126.90447,35,HISTORICAL_INDICATIVE,0.45,AVAILABLE,NOT_LISTED_AS_ELEMENT_COMMODITY,,https://en.wikipedia.org/wiki/Prices_of_chemical_elements,https://www.usgs.gov/programs/mineral-resources-program/science/about-2025-list-critical-minerals,
In,9,114.818,167,HISTORICAL_INDICATIVE,0.25,AVAILABLE,USGS_2025_CRITICAL,,https://en.wikipedia.org/wiki/Prices_of_chemical_elements,https://www.usgs.gov/programs/mineral-resources-program/science/about-2025-list-critical-minerals,
Ir,17,192.217,144000,HISTORICAL_INDICATIVE,0.001,AVAILABLE,USGS_2025_CRITICAL,,https://en.wikipedia.org/wiki/Prices_of_chemical_elements,https://www.usgs.gov/programs/mineral-resources-program/science/about-2025-list-critical-minerals,
K,61,39.0983,12.85,HISTORICAL_INDICATIVE,20900,AVAILABLE,USGS_2025_COMMODITY_LINKED,potash,https://en.wikipedia.org/wiki/Prices_of_chemical_elements,https://www.usgs.gov/programs/mineral-resources-program/science/about-2025-list-critical-minerals,
La,97,138.90547,4.85,HISTORICAL_INDICATIVE,39,AVAILABLE,USGS_2025_CRITICAL,,https://en.wikipedia.org/wiki/Prices_of_chemical_elements,https://www.usgs.gov/programs/mineral-resources-program/science/about-2025-list-critical-minerals,
Li,3278,6.94,83.5,HISTORICAL_INDICATIVE,20,AVAILABLE,USGS_2025_CRITICAL,,https://en.wikipedia.org/wiki/Prices_of_chemical_elements,https://www.usgs.gov/programs/mineral-resources-program/science/about-2025-list-critical-minerals,
Lu,5,174.9668,643,HISTORICAL_INDICATIVE,0.8,AVAILABLE,USGS_2025_CRITICAL,,https://en.wikipedia.org/wiki/Prices_of_chemical_elements,https://www.usgs.gov/programs/mineral-resources-program/science/about-2025-list-critical-minerals,
Mg,1658,24.305,2.32,HISTORICAL_INDICATIVE,23300,AVAILABLE,USGS_2025_CRITICAL,,https://en.wikipedia.org/wiki/Prices_of_chemical_elements,https://www.usgs.gov/programs/mineral-resources-program/science/about-2025-list-critical-minerals,
Mn,1178,54.938044,1.82,HISTORICAL_INDICATIVE,950,AVAILABLE,USGS_2025_CRITICAL,,https://en.wikipedia.org/wiki/Prices_of_chemical_elements,https://www.usgs.gov/programs/mineral-resources-program/science/about-2025-list-critical-minerals,
Mo,291,95.95,40.1,HISTORICAL_INDICATIVE,1.2,AVAILABLE,NOT_LISTED_AS_ELEMENT_COMMODITY,,https://en.wikipedia.org/wiki/Prices_of_chemical_elements,https://www.usgs.gov/programs/mineral-resources-program/science/about-2025-list-critical-minerals,
N,50,14.007,0.14,HISTORICAL_INDICATIVE,19,AVAILABLE,NOT_LISTED_AS_ELEMENT_COMMODITY,,https://en.wikipedia.org/wiki/Prices_of_chemical_elements,https://www.usgs.gov/programs/mineral-resources-program/science/about-2025-list-critical-minerals,
Na,88,22.989769,3.0,HISTORICAL_INDICATIVE,23600,AVAILABLE,NOT_LISTED_AS_ELEMENT_COMMODITY,,https://en.wikipedia.org/wiki/Prices_of_chemical_elements,https://www.usgs.gov/programs/mineral-resources-program/science/about-2025-list-critical-minerals,
Nb,162,92.90637,73.5,HISTORICAL_INDICATIVE,20,AVAILABLE,USGS_2025_CRITICAL,,https://en.wikipedia.org/wiki/Prices_of_chemical_elements,https://www.usgs.gov/programs/mineral-resources-program/science/about-2025-list-critical-minerals,
Nd,12,144.242,57.5,HISTORICAL_INDICATIVE,41.5,AVAILABLE,USGS_2025_CRITICAL,,https://en.wikipedia.org/wiki/Prices_of_chemical_elements,https://www.usgs.gov/programs/mineral-resources-program/science/about-2025-list-critical-minerals,
Ni,543,58.6934,13.9,HISTORICAL_INDICATIVE,84,AVAILABLE,USGS_2025_CRITICAL,,https://en.wikipedia.org/wiki/Prices_of_chemical_elements,https://www.usgs.gov/programs/mineral-resources-program/science/about-2025-list-critical-minerals,
O,5484,15.999,0.154,HISTORICAL_INDICATIVE,461000,AVAILABLE,NOT_LISTED_AS_ELEMENT_COMMODITY,,https://en.wikipedia.org/wiki/Prices_of_chemical_elements,https://www.usgs.gov/programs/mineral-resources-program/science/about-2025-list-critical-minerals,
P,1530,30.973762,2.69,HISTORICAL_INDICATIVE,1050,AVAILABLE,USGS_2025_COMMODITY_LINKED,phosphate,https://en.wikipedia.org/wiki/Prices_of_chemical_elements,https://www.usgs.gov/programs/mineral-resources-program/science/about-2025-list-critical-minerals,
Pb,16,207.2,2.0,HISTORICAL_INDICATIVE,14,AVAILABLE,USGS_2025_CRITICAL,,https://en.wikipedia.org/wiki/Prices_of_chemical_elements,https://www.usgs.gov/programs/mineral-resources-program/science/about-2025-list-critical-minerals,
Pd,7,106.42,49500,HISTORICAL_INDICATIVE,0.015,AVAILABLE,USGS_2025_CRITICAL,,https://en.wikipedia.org/wiki/Prices_of_chemical_elements,https://www.usgs.gov/programs/mineral-resources-program/science/about-2025-list-critical-minerals,
Pr,48,140.90766,103,HISTORICAL_INDICATIVE,9.2,AVAILABLE,USGS_2025_CRITICAL,,https://en.wikipedia.org/wiki/Prices_of_chemical_elements,https://www.usgs.gov/programs/mineral-resources-program/science/about-2025-list-critical-minerals,
Pt,4,195.084,27800,HISTORICAL_INDICATIVE,0.005,AVAILABLE,USGS_2025_CRITICAL,,https://en.wikipedia.org/wiki/Prices_of_chemical_elements,https://www.usgs.gov/programs/mineral-resources-program/science/about-2025-list-critical-minerals,
Pu,1,244,,UNAVAILABLE_NOT_COMPARABLE,,UNAVAILABLE_NOT_COMPARABLE,NOT_LISTED_AS_ELEMENT_COMMODITY,,https://en.wikipedia.org/wiki/Prices_of_chemical_elements,https://www.usgs.gov/programs/mineral-resources-program/science/about-2025-list-critical-minerals,No comparable bulk elemental market/abundance value used; isotope pricing is not suitable for normal raw-material cost estimation.
Rb,38,85.4678,15500,HISTORICAL_INDICATIVE,90,AVAILABLE,USGS_2025_CRITICAL,,https://en.wikipedia.org/wiki/Prices_of_chemical_elements,https://www.usgs.gov/programs/mineral-resources-program/science/about-2025-list-critical-minerals,
Re,24,186.207,3580,HISTORICAL_INDICATIVE,0.0007,AVAILABLE,USGS_2025_CRITICAL,,https://en.wikipedia.org/wiki/Prices_of_chemical_elements,https://www.usgs.gov/programs/mineral-resources-program/science/about-2025-list-critical-minerals,
Rh,16,102.9055,147000,HISTORICAL_INDICATIVE,0.001,AVAILABLE,USGS_2025_CRITICAL,,https://en.wikipedia.org/wiki/Prices_of_chemical_elements,https://www.usgs.gov/programs/mineral-resources-program/science/about-2025-list-critical-minerals,
Ru,14,101.07,10500,HISTORICAL_INDICATIVE,0.001,AVAILABLE,USGS_2025_CRITICAL,,https://en.wikipedia.org/wiki/Prices_of_chemical_elements,https://www.usgs.gov/programs/mineral-resources-program/science/about-2025-list-critical-minerals,
S,332,32.06,0.0926,HISTORICAL_INDICATIVE,350,AVAILABLE,NOT_LISTED_AS_ELEMENT_COMMODITY,,https://en.wikipedia.org/wiki/Prices_of_chemical_elements,https://www.usgs.gov/programs/mineral-resources-program/science/about-2025-list-critical-minerals,
Sb,234,121.76,5.79,HISTORICAL_INDICATIVE,0.2,AVAILABLE,USGS_2025_CRITICAL,,https://en.wikipedia.org/wiki/Prices_of_chemical_elements,https://www.usgs.gov/programs/mineral-resources-program/science/about-2025-list-critical-minerals,
Sc,15,44.955908,3460,HISTORICAL_INDICATIVE,22,AVAILABLE,USGS_2025_CRITICAL,,https://en.wikipedia.org/wiki/Prices_of_chemical_elements,https://www.usgs.gov/programs/mineral-resources-program/science/about-2025-list-critical-minerals,
Se,42,78.971,21.4,HISTORICAL_INDICATIVE,0.05,AVAILABLE,NOT_LISTED_AS_ELEMENT_COMMODITY,,https://en.wikipedia.org/wiki/Prices_of_chemical_elements,https://www.usgs.gov/programs/mineral-resources-program/science/about-2025-list-critical-minerals,
Si,262,28.085,1.7,HISTORICAL_INDICATIVE,282000,AVAILABLE,USGS_2025_CRITICAL,,https://en.wikipedia.org/wiki/Prices_of_chemical_elements,https://www.usgs.gov/programs/mineral-resources-program/science/about-2025-list-critical-minerals,
Sm,17,150.36,13.9,HISTORICAL_INDICATIVE,7.05,AVAILABLE,USGS_2025_CRITICAL,,https://en.wikipedia.org/wiki/Prices_of_chemical_elements,https://www.usgs.gov/programs/mineral-resources-program/science/about-2025-list-critical-minerals,
Sn,163,118.71,18.7,HISTORICAL_INDICATIVE,2.3,AVAILABLE,USGS_2025_CRITICAL,,https://en.wikipedia.org/wiki/Prices_of_chemical_elements,https://www.usgs.gov/programs/mineral-resources-program/science/about-2025-list-critical-minerals,
Sr,113,87.62,6.605,HISTORICAL_INDICATIVE,370,AVAILABLE,NOT_LISTED_AS_ELEMENT_COMMODITY,,https://en.wikipedia.org/wiki/Prices_of_chemical_elements,https://www.usgs.gov/programs/mineral-resources-program/science/about-2025-list-critical-minerals,
Ta,42,180.94788,305,HISTORICAL_INDICATIVE,2,AVAILABLE,USGS_2025_CRITICAL,,https://en.wikipedia.org/wiki/Prices_of_chemical_elements,https://www.usgs.gov/programs/mineral-resources-program/science/about-2025-list-critical-minerals,
Tb,13,158.92535,658,HISTORICAL_INDICATIVE,1.2,AVAILABLE,USGS_2025_CRITICAL,,https://en.wikipedia.org/wiki/Prices_of_chemical_elements,https://www.usgs.gov/programs/mineral-resources-program/science/about-2025-list-critical-minerals,
Tc,2,98,100000,HISTORICAL_INDICATIVE,3e-09,AVAILABLE,NOT_LISTED_AS_ELEMENT_COMMODITY,,https://en.wikipedia.org/wiki/Prices_of_chemical_elements,https://www.usgs.gov/programs/mineral-resources-program/science/about-2025-list-critical-minerals,
Te,103,127.6,63.5,HISTORICAL_INDICATIVE,0.001,AVAILABLE,USGS_2025_CRITICAL,,https://en.wikipedia.org/wiki/Prices_of_chemical_elements,https://www.usgs.gov/programs/mineral-resources-program/science/about-2025-list-critical-minerals,
Ti,450,47.867,11.4,HISTORICAL_INDICATIVE,5650,AVAILABLE,USGS_2025_CRITICAL,,https://en.wikipedia.org/wiki/Prices_of_chemical_elements,https://www.usgs.gov/programs/mineral-resources-program/science/about-2025-list-critical-minerals,
Tl,48,204.38,4200,HISTORICAL_INDICATIVE,0.85,AVAILABLE,NOT_LISTED_AS_ELEMENT_COMMODITY,,https://en.wikipedia.org/wiki/Prices_of_chemical_elements,https://www.usgs.gov/programs/mineral-resources-program/science/about-2025-list-critical-minerals,
Tm,10,168.93422,3000,HISTORICAL_INDICATIVE,0.52,AVAILABLE,USGS_2025_CRITICAL,,https://en.wikipedia.org/wiki/Prices_of_chemical_elements,https://www.usgs.gov/programs/mineral-resources-program/science/about-2025-list-critical-minerals,
U,4,238.02891,101,HISTORICAL_INDICATIVE,2.7,AVAILABLE,USGS_2025_CRITICAL,,https://en.wikipedia.org/wiki/Prices_of_chemical_elements,https://www.usgs.gov/programs/mineral-resources-program/science/about-2025-list-critical-minerals,
V,1126,50.9415,371,HISTORICAL_INDICATIVE,120,AVAILABLE,USGS_2025_CRITICAL,,https://en.wikipedia.org/wiki/Prices_of_chemical_elements,https://www.usgs.gov/programs/mineral-resources-program/science/about-2025-list-critical-minerals,
W,338,183.84,35.3,HISTORICAL_INDICATIVE,1.3,AVAILABLE,USGS_2025_CRITICAL,,https://en.wikipedia.org/wiki/Prices_of_chemical_elements,https://www.usgs.gov/programs/mineral-resources-program/science/about-2025-list-critical-minerals,
Y,204,88.90584,31.0,HISTORICAL_INDICATIVE,33,AVAILABLE,USGS_2025_CRITICAL,,https://en.wikipedia.org/wiki/Prices_of_chemical_elements,https://www.usgs.gov/programs/mineral-resources-program/science/about-2025-list-critical-minerals,
Zn,456,65.38,2.55,HISTORICAL_INDICATIVE,70,AVAILABLE,USGS_2025_CRITICAL,,https://en.wikipedia.org/wiki/Prices_of_chemical_elements,https://www.usgs.gov/programs/mineral-resources-program/science/about-2025-list-critical-minerals,
Zr,14,91.224,36.4,HISTORICAL_INDICATIVE,165,AVAILABLE,USGS_2025_CRITICAL,,https://en.wikipedia.org/wiki/Prices_of_chemical_elements,https://www.usgs.gov/programs/mineral-resources-program/science/about-2025-list-critical-minerals,
